Farms,"Forestry, fishing, and related activities",Oil and gas extraction,"Mining, except oil and gas",Support activities for mining,Utilities,Construction,Wood products,Nonmetallic mineral products,Primary metals,Fabricated metal products,Machinery,Computer and electronic products,"Electrical equipment, appliances, and components","Motor vehicles, bodies and trailers, and parts",Other transportation equipment,Furniture and related products,Miscellaneous manufacturing,Food and beverage and tobacco products,Textile mills and textile product mills,Apparel and leather and allied products,Paper products,Printing and related support activities,Petroleum and coal products,Chemical products,Plastics and rubber products,Wholesale trade,Motor vehicle and parts dealers,Food and beverage stores,General merchandise stores,Other retail,Air transportation,Rail transportation,Water transportation,Truck transportation,Transit and ground passenger transportation,Pipeline transportation,Other transportation and support activities,Warehousing and storage,"Publishing industries, except internet (includes software)",Motion picture and sound recording industries,Broadcasting and telecommunications,"Data processing, internet publishing, and other information services","Federal Reserve banks, credit intermediation, and related activities","Securities, commodity contracts, and investments",Insurance carriers and related activities,"Funds, trusts, and other financial vehicles",Other real estate,Rental and leasing services and lessors of intangible assets,Legal services,Computer systems design and related services,"Miscellaneous professional, scientific, and technical services",Management of companies and enterprises,Administrative and support services,Waste management and remediation services,Educational services,Ambulatory health care services,Hospitals,Nursing and residential care facilities,Social assistance,"Performing arts, spectator sports, museums, and related activities","Amusements, gambling, and recreation industries",Accommodation,Food services and drinking places,"Other services, except government",Federal general government (nondefense),Federal government enterprises,State and local general government,State and local government enterprises
1.2531978,0.1059493,0.0011145,0.0023657,0.0012753,0.0010757,0.0033799,0.0142483,0.0026381,0.0018082,0.0015437,0.0014289,0.0003511,0.0014279,0.0023125,0.0008276,0.0055382,0.0037976,0.3496266,0.0541221,0.0374668,0.0116429,0.0070616,0.0021043,0.0217895,0.0084606,0.0013568,0.0015635,0.0030245,0.0019222,0.0014361,0.0040929,0.0013829,0.0038314,0.0011784,0.0008699,0.0005654,0.001786,0.0009189,0.0005504,0.0010957,0.0008542,0.0013287,0.0004053,0.0008795,0.0006523,0.0008597,0.0020163,0.0006845,0.0007573,0.00056,0.0024401,0.0009887,0.0022452,0.0024144,0.0077693,0.0020928,0.0055643,0.0089338,0.0154035,0.0024608,0.023282,0.0092526,0.0244508,0.0017286,0.0017316,0.0027796,0.0112273,0.0014433
0.068564,1.0161189,0.0005028,0.0023678,0.0009156,0.0007055,0.0049279,0.1247513,0.0019729,0.0019351,0.0016811,0.0015533,0.0004384,0.0020932,0.0029324,0.000902,0.0189805,0.004812,0.0303524,0.0054038,0.013714,0.0518242,0.0055095,0.0007386,0.0032655,0.0120469,0.0010663,0.0005816,0.0056629,0.0006926,0.0010236,0.0011259,0.0057831,0.0008656,0.0007906,0.0015163,0.0003235,0.001568,0.0010218,0.0004562,0.0006474,0.0007397,0.0010999,0.000238,0.0004762,0.0003999,0.0004504,0.0018043,0.0005577,0.0004864,0.0002864,0.0009921,0.0005669,0.0008951,0.0011127,0.001783,0.0008313,0.0015285,0.0015945,0.0024582,0.0005579,0.0035857,0.0044749,0.0080989,0.0009717,0.0005215,0.0009987,0.0034074,0.0013638
0.0255165,0.0131576,1.1554817,0.0400082,0.0173603,0.0978609,0.0250901,0.0120777,0.0161335,0.0184096,0.0113994,0.010525,0.0018093,0.0159107,0.0112235,0.0047431,0.0129,0.0112488,0.0170799,0.0218669,0.0126925,0.0209358,0.0186961,0.6884963,0.0598133,0.0250973,0.0076202,0.0073979,0.0132407,0.0075041,0.0091398,0.077776,0.0583625,0.0386965,0.041671,0.0241363,0.0052549,0.047368,0.0145676,0.0026614,0.0048282,0.0044742,0.0060216,0.0045864,0.0095707,0.0035739,0.0098271,0.0203056,0.0066806,0.0036769,0.0027407,0.005723,0.0067518,0.0089125,0.0186616,0.0136041,0.0066928,0.0140288,0.0079878,0.0091835,0.004794,0.0259928,0.0100712,0.0108628,0.0069981,0.0041314,0.0258474,0.0347668,0.0925682
0.0074576,0.001572,0.0043378,1.0791385,0.0046951,0.0130433,0.0173352,0.0028636,0.068205,0.0706744,0.0204677,0.0115295,0.0012867,0.0148395,0.0132557,0.0054607,0.0079529,0.0083625,0.0051512,0.0058337,0.0031654,0.0067994,0.0032362,0.006519,0.0137468,0.0067586,0.0011157,0.0011899,0.0020322,0.0013122,0.0016196,0.0013879,0.0047522,0.0019778,0.0015751,0.002549,0.0010424,0.0024217,0.0026424,0.0007003,0.0011658,0.0018178,0.0033764,0.000403,0.0008478,0.000685,0.0008959,0.0038237,0.0008612,0.0006913,0.0004825,0.0019775,0.0011428,0.0019402,0.0033594,0.0025484,0.0013335,0.0017501,0.0015259,0.0018353,0.0024807,0.0060492,0.0017295,0.0021289,0.0022738,0.0021291,0.0011576,0.0024639,0.0145302
0.0007306,0.0003254,0.0241145,0.0226425,1.0101178,0.0023319,0.0010696,0.0003997,0.0018189,0.0019185,0.003705,0.0007347,0.000101,0.0008857,0.0008378,0.0003936,0.0006008,0.0005462,0.0005529,0.0006622,0.0004251,0.0007263,0.0005522,0.014515,0.0015865,0.0007942,0.0002026,0.0001989,0.0003391,0.0001999,0.0002498,0.0016674,0.0013598,0.0009263,0.0009306,0.0005845,0.0001763,0.0010726,0.0003916,0.000085,0.0001401,0.0001883,0.0002292,0.00011,0.0002298,0.0000979,0.0002357,0.0005382,0.0001756,0.0001006,0.0000805,0.0002109,0.0001897,0.0002521,0.000552,0.0003572,0.0001808,0.0003494,0.0002147,0.0002701,0.0001594,0.0006971,0.0002799,0.0003025,0.0002203,0.0001473,0.0005928,0.0007983,0.0023059
0.0264973,0.0075232,0.0256001,0.0378683,0.0068698,0.840442,0.0146638,0.017036,0.0324005,0.0324052,0.022436,0.0161662,0.0038273,0.0156251,0.0193411,0.0086355,0.0190073,0.0149785,0.0228336,0.0338041,0.0225293,0.035316,0.0263981,0.0294613,0.0250816,0.0312303,0.0179169,0.0223037,0.0525435,0.0366102,0.0333942,0.0105085,0.0092497,0.0128689,0.0182782,0.0082593,0.0177247,0.0128118,0.0870361,0.004716,0.0105621,0.0106043,0.0133861,0.0047613,0.0095751,0.011748,0.0158842,0.0890331,0.0103866,0.0112214,0.003593,0.0115907,0.0235287,0.0110542,0.0131063,0.0230337,0.0099402,0.0180626,0.0187386,0.0176152,0.0106213,0.0182369,0.0310834,0.0376505,0.0119684,0.0075269,0.0132151,0.0170224,0.0364271
0.0150494,0.0041297,0.0083812,0.0222515,0.0107508,0.049956,1.0056844,0.0056846,0.0094402,0.0096498,0.0073247,0.0056382,0.0012744,0.0052485,0.0064717,0.0030875,0.0067957,0.0051927,0.0093082,0.0089374,0.0073229,0.0104796,0.0086995,0.0190175,0.0072784,0.0085972,0.0082354,0.0090608,0.0186752,0.0116012,0.0153071,0.0089644,0.0379345,0.009644,0.0104921,0.0270796,0.0110342,0.0208295,0.0213986,0.0023085,0.0068792,0.0079424,0.0071907,0.0059256,0.0094227,0.0101973,0.0095058,0.080905,0.0063458,0.0087937,0.0021726,0.0077183,0.0083984,0.0060021,0.0072459,0.012327,0.0059816,0.010577,0.0110785,0.0131777,0.0074745,0.0402406,0.0085004,0.0132687,0.0107064,0.0103357,0.0113478,0.0184902,0.1659751
0.0053888,0.0024313,0.0019674,0.0094494,0.0051734,0.0036689,0.0416441,1.2387474,0.007948,0.0089974,0.0080674,0.0068978,0.0027937,0.0114086,0.0147978,0.00429,0.1613874,0.0184183,0.0065601,0.006419,0.0049239,0.0642227,0.0071837,0.002555,0.0039481,0.0159804,0.0052388,0.0024551,0.0080076,0.0028361,0.0050343,0.0015251,0.0543349,0.0022396,0.0030698,0.0034797,0.0012535,0.0038286,0.0059625,0.0013809,0.0028021,0.0038371,0.006558,0.0008418,0.0016043,0.0017256,0.0015086,0.0121799,0.0025269,0.0017622,0.0007703,0.0028454,0.0017842,0.0025987,0.002872,0.002941,0.0022143,0.0031389,0.0026415,0.0068088,0.0015197,0.0044449,0.0063623,0.0045448,0.0028404,0.001583,0.0034192,0.0049506,0.0091093
0.0030294,0.0012549,0.0079855,0.0190286,0.0091382,0.005347,0.0467667,0.0086271,1.1151552,0.0145347,0.0088836,0.0097277,0.0011751,0.0170268,0.0247185,0.0043227,0.0124533,0.0080354,0.0086662,0.0080239,0.0037791,0.006011,0.0026205,0.0085737,0.0055611,0.0116275,0.0014621,0.0028742,0.002593,0.0015664,0.003122,0.0021119,0.0038934,0.0022059,0.002235,0.0030219,0.0012648,0.0030427,0.0043269,0.0007439,0.00124,0.0048579,0.0038848,0.0006703,0.0012908,0.0010342,0.0012557,0.005372,0.0018462,0.0009917,0.000748,0.0034734,0.0013783,0.0025787,0.0044171,0.0019351,0.0028726,0.0035179,0.0022417,0.0034109,0.0010316,0.0046002,0.002138,0.0048853,0.0034769,0.0018817,0.0016007,0.0029494,0.0157103
0.0162156,0.006082,0.0536187,0.0345917,0.0247377,0.0135529,0.0425053,0.0287193,0.0380664,1.4455956,0.3543125,0.1988907,0.0201121,0.2486483,0.2160501,0.0904729,0.1184355,0.1168113,0.0278582,0.0243266,0.0194559,0.0383698,0.0221468,0.0381313,0.0163784,0.0359535,0.0064365,0.0062249,0.0068455,0.005426,0.0072383,0.0048861,0.031238,0.0159249,0.0095048,0.0083835,0.006865,0.0156024,0.0118375,0.0031916,0.0038522,0.0115987,0.0093998,0.0015585,0.0034408,0.0026735,0.0033691,0.0126024,0.0048741,0.0026505,0.0033487,0.0078422,0.00493,0.0081548,0.0283316,0.0078751,0.0051432,0.0070523,0.0060217,0.0117965,0.0029006,0.0109879,0.0072638,0.0081164,0.0116565,0.006447,0.0089715,0.0083049,0.0247458
0.018536,0.0075025,0.0378485,0.0287187,0.0197266,0.015346,0.0729523,0.043048,0.0434688,0.0740271,1.1077541,0.1148376,0.0149644,0.099304,0.1292353,0.071849,0.0678373,0.0551769,0.0345991,0.0335788,0.0352553,0.0592013,0.0374222,0.0277994,0.0272492,0.0548177,0.0073064,0.0071159,0.0081534,0.0057989,0.0091622,0.005679,0.019223,0.029122,0.0113337,0.0115013,0.0159914,0.0151576,0.0131643,0.0051904,0.0046076,0.0204048,0.0118124,0.0019291,0.0041526,0.0030388,0.0041098,0.0137035,0.0066566,0.0032496,0.0044287,0.0092086,0.0066677,0.00934,0.0352353,0.0084753,0.0051825,0.007812,0.0062306,0.0151438,0.0031399,0.0129979,0.0126027,0.0117839,0.0111969,0.0063831,0.0119085,0.0094591,0.0340217
0.0157792,0.0060808,0.0371793,0.0623497,0.0531777,0.0100001,0.0296013,0.0089755,0.0122462,0.0165742,0.0287814,1.0843182,0.0035441,0.0493983,0.0695182,0.0260969,0.0082864,0.0165833,0.0139853,0.008454,0.0059855,0.0148864,0.0285321,0.0242454,0.0138115,0.0163127,0.0042088,0.0034123,0.00452,0.0033708,0.0047402,0.0056777,0.0070282,0.006968,0.0072285,0.0060107,0.0026082,0.0207692,0.0085072,0.0019456,0.0025749,0.0048121,0.0056468,0.0009636,0.0020728,0.0023831,0.0020904,0.006349,0.0034766,0.0016377,0.0034872,0.0044662,0.0030596,0.0067435,0.0383894,0.0101637,0.0031965,0.0044175,0.003572,0.0044227,0.0021046,0.0062936,0.0032168,0.0046118,0.0113159,0.0025841,0.0039329,0.006759,0.0162413
0.0065551,0.002974,0.0062932,0.0079197,0.006733,0.0047438,0.0118302,0.0229159,0.0186504,0.0180439,0.0264681,0.0439432,1.0347527,0.052279,0.0688189,0.0729046,0.0273943,0.0419062,0.0101048,0.0282443,0.0204779,0.0173579,0.0402555,0.0070271,0.0163931,0.0229076,0.0111167,0.0075811,0.0058211,0.0066681,0.0066839,0.0043593,0.0070043,0.0084892,0.0062251,0.0043025,0.0030937,0.006567,0.0069695,0.0115401,0.0147913,0.0327557,0.0204456,0.0019695,0.0057999,0.0025998,0.0083711,0.0059795,0.0039191,0.0069581,0.0131606,0.0116342,0.0206165,0.010054,0.0125368,0.0067559,0.0120708,0.0056396,0.0046443,0.006586,0.0025285,0.0056688,0.0052843,0.0056065,0.0135788,0.0122492,0.0031986,0.005522,0.0098531
0.0189101,0.0057334,0.0042967,0.0067395,0.0114331,0.0053923,0.0297873,0.0235244,0.00479,0.015382,0.0152974,0.0537981,0.0059045,1.0523019,0.0277229,0.011511,0.01302,0.0126604,0.008724,0.0057374,0.0042981,0.0087865,0.0061131,0.0039081,0.0045416,0.0115115,0.0026759,0.0029452,0.0031791,0.0063899,0.0031214,0.0021688,0.0082709,0.00378,0.0027917,0.0046596,0.0016295,0.0039248,0.0038245,0.0010653,0.0017244,0.0112124,0.0035831,0.0008617,0.0019033,0.0013859,0.0017828,0.0059677,0.0019991,0.0013318,0.0034914,0.0049955,0.0020356,0.0044117,0.0119915,0.0046132,0.0015564,0.0027064,0.0053047,0.0045251,0.0014788,0.0063433,0.0045689,0.0035098,0.0088114,0.0062075,0.0023425,0.0029867,0.0177695
0.0079252,0.0045879,0.0083561,0.0148721,0.0089173,0.0048053,0.0075642,0.0116483,0.0109361,0.0212656,0.018155,0.0555222,0.0023578,0.0152313,1.4406313,0.0315236,0.0113682,0.008704,0.0091953,0.0084171,0.0062666,0.0159842,0.0092775,0.0069712,0.0059383,0.0095078,0.0080014,0.014377,0.0104632,0.0045336,0.0097191,0.0007647,0.0048886,0.0057297,0.0147995,0.0078986,0.002018,0.0062385,0.0336315,0.0019422,0.0028563,0.0037965,0.0038968,0.0008998,0.0018854,0.0014408,0.0017922,0.0039467,0.0049849,0.0014172,0.0014223,0.0043949,0.0040612,0.0117225,0.0202447,0.0045791,0.0024612,0.0048502,0.0030343,0.0116182,0.0033396,0.0040425,0.0034688,0.0044522,0.0219489,0.0015984,0.0149868,0.0069443,0.0068063
0.0008999,0.0016647,0.0007934,0.0013945,0.0008623,0.0008988,0.0009209,0.0012653,0.0013899,0.0021919,0.002945,0.0078152,0.0182607,0.002883,0.0091784,1.2395019,0.001283,0.001137,0.0010528,0.0012279,0.0008762,0.001546,0.0013818,0.00081,0.0009085,0.0015364,0.0007247,0.0004612,0.0004605,0.0003761,0.0005877,0.0061638,0.0241426,0.0443677,0.0021236,0.0011827,0.0004169,0.0106376,0.0006595,0.000382,0.0005714,0.0009092,0.000788,0.0001472,0.0006478,0.0002019,0.0005818,0.00052,0.0003231,0.0002867,0.0003798,0.0008577,0.0005987,0.0007566,0.0021438,0.0004065,0.0004122,0.0003898,0.0003255,0.0004752,0.0002227,0.000556,0.0003661,0.0004259,0.0011903,0.0058156,0.0008091,0.0004104,0.0013135
0.000278,0.0001033,0.0001649,0.0003498,0.0002116,0.000764,0.0087922,0.0031026,0.000292,0.0002741,0.0003411,0.0006282,0.0001155,0.0002346,0.0003838,0.0004989,0.9845129,0.0007722,0.0002536,0.0014716,0.0005526,0.000437,0.0002723,0.0002678,0.000193,0.0011232,0.0004972,0.0008716,0.0002982,0.0002222,0.0017274,0.0001866,0.0005472,0.0006695,0.0004898,0.0003434,0.0001827,0.0003658,0.0003188,0.0001321,0.000202,0.0003675,0.0009986,0.000111,0.000361,0.0001824,0.000303,0.0009069,0.0001537,0.0001925,0.0000745,0.0004056,0.0001783,0.0001882,0.000199,0.0002059,0.0004426,0.0002718,0.0002161,0.0005922,0.0005075,0.0008643,0.0002364,0.0005718,0.0003891,0.0001631,0.0117047,0.0002613,0.0016483
0.0008527,0.0005914,0.0007775,0.0012684,0.0009284,0.0006525,0.0016698,0.0010204,0.0015508,0.0015044,0.0017177,0.0067008,0.0022045,0.0052391,0.0047302,0.0010084,0.0067128,0.9999812,0.0008152,0.005817,0.0190106,0.0012989,0.0072276,0.0010445,0.0021355,0.005349,0.0009396,0.0013944,0.000997,0.0006562,0.0014825,0.0006219,0.0005949,0.0009542,0.0008325,0.0006178,0.0004935,0.0014453,0.0026133,0.0004119,0.0006814,0.0008703,0.0010745,0.0002892,0.0006332,0.0003893,0.000564,0.0009917,0.000494,0.0004373,0.0003682,0.0027239,0.0005923,0.002167,0.0047229,0.0026847,0.0142188,0.0138709,0.0052111,0.0078188,0.0004946,0.0013633,0.0006666,0.000973,0.001624,0.0016971,0.000457,0.0070581,0.0011455
0.1112471,0.0162639,0.0014829,0.0020368,0.0016669,0.0018134,0.0019278,0.0037716,0.0046399,0.0034852,0.0023078,0.0018891,0.0004197,0.0019401,0.0027702,0.0010777,0.0031278,0.0028516,1.2167543,0.0106518,0.0807329,0.0132338,0.0161518,0.0030036,0.0206066,0.0079926,0.0029539,0.0013727,0.0051771,0.002429,0.0020912,0.0115989,0.0013493,0.0111674,0.0023313,0.0013223,0.0010337,0.0027833,0.0014663,0.0011267,0.0022282,0.0015638,0.0026747,0.0008552,0.001785,0.0014111,0.0018298,0.0037066,0.001331,0.0016711,0.0011939,0.0046405,0.0018226,0.0032172,0.0056436,0.023366,0.0039435,0.0158535,0.0269626,0.0509453,0.0074631,0.0244489,0.0271345,0.0716439,0.0044085,0.0014144,0.0084454,0.0327791,0.0017258
0.0014797,0.0008928,0.0006942,0.0012067,0.0007517,0.0005862,0.0025678,0.0046242,0.004523,0.0013104,0.0012232,0.0046154,0.0002842,0.0014303,0.0084273,0.0025365,0.0405073,0.0162299,0.002228,1.0908652,0.2722441,0.0265505,0.0102276,0.0009936,0.0076226,0.01331,0.0019878,0.0007356,0.0011567,0.019702,0.0024819,0.000523,0.0007605,0.0012769,0.0007302,0.0009533,0.000262,0.0011978,0.0007377,0.0003987,0.0018886,0.0005902,0.0006219,0.0001623,0.0003823,0.0002522,0.0003443,0.000851,0.0006426,0.0002967,0.0002229,0.000779,0.0003997,0.0009318,0.0024101,0.0009501,0.0010141,0.0016575,0.0114973,0.0065977,0.0003583,0.0011016,0.0107937,0.0011921,0.0011016,0.0009994,0.0012606,0.0020272,0.0010453
0.0001818,0.0000639,0.0000435,0.0000653,0.0000486,0.000085,0.0000664,0.0000848,0.0000756,0.0001334,0.0000879,0.0001611,0.0000159,0.0000813,0.0023644,0.0000894,0.0002337,0.0008133,0.0001144,0.0047215,0.9194042,0.0001984,0.0005216,0.0000547,0.0000633,0.0001167,0.000249,0.0000829,0.0000609,0.0006084,0.0001531,0.0000296,0.0000446,0.0001184,0.0001099,0.0000607,0.0000279,0.0000669,0.0000978,0.0000261,0.0000452,0.000043,0.0000537,0.0000161,0.000052,0.0000287,0.0000454,0.0000633,0.0000441,0.0000231,0.000018,0.0000515,0.0000362,0.0001702,0.0007237,0.0001763,0.0000603,0.0001783,0.0000879,0.0000928,0.0001478,0.0001222,0.000106,0.000059,0.0005507,0.0000382,0.0015081,0.0006217,0.0001278
0.0093364,0.0028822,0.0035619,0.0070403,0.0041448,0.0032385,0.0079253,0.0103895,0.0191164,0.0168428,0.0147315,0.0127909,0.0024048,0.0162152,0.017193,0.0064394,0.0253396,0.0219556,0.0472732,0.0306647,0.0190362,1.2119573,0.0923419,0.0045144,0.0172223,0.0332902,0.0074194,0.0027725,0.0091519,0.0042488,0.006188,0.0040926,0.0050625,0.0054587,0.0058392,0.0275919,0.0021007,0.0209254,0.0058874,0.0055683,0.004117,0.0039353,0.0045838,0.0016972,0.003468,0.0019767,0.0029044,0.0046162,0.0036415,0.0035706,0.0019896,0.0060657,0.004495,0.0064892,0.0076074,0.0054229,0.0038617,0.0071619,0.0083094,0.0099036,0.0025394,0.0045567,0.0152385,0.0094581,0.0042809,0.0048336,0.0026604,0.0101588,0.0043384
0.0015174,0.0008848,0.0012452,0.0015049,0.0014607,0.0016376,0.0018719,0.0015227,0.0015191,0.0027127,0.0021772,0.0017917,0.0005225,0.0015315,0.0021931,0.0010366,0.0025175,0.0046154,0.0018742,0.0208045,0.0099319,0.0055352,1.0017117,0.0013621,0.0014691,0.0028483,0.0049835,0.0018327,0.0020588,0.0022125,0.0064965,0.0013562,0.0015177,0.0024282,0.0031863,0.0019436,0.0015227,0.0025488,0.0012101,0.0143629,0.0079179,0.0026336,0.0106549,0.0013998,0.0033781,0.0031201,0.0028196,0.0023798,0.0018335,0.0028506,0.0015541,0.0102864,0.0034856,0.0045196,0.0021256,0.004319,0.0021578,0.0039158,0.001912,0.0057827,0.003757,0.0026706,0.0036084,0.0022011,0.0033673,0.0028549,0.0009288,0.0049617,0.0030574
0.0326547,0.0175109,0.0261513,0.0507444,0.0235571,0.0522691,0.0336289,0.0149647,0.0189068,0.0220721,0.0132981,0.011825,0.0020625,0.0205335,0.013329,0.0055937,0.0157402,0.0138089,0.0211792,0.0260774,0.0149521,0.0252136,0.0230297,0.9706229,0.0770802,0.0306203,0.008473,0.0078037,0.0108124,0.006507,0.0089386,0.1082742,0.0810959,0.0517914,0.0559264,0.0234248,0.0051229,0.0613692,0.0110039,0.0031186,0.0053996,0.0049906,0.0067603,0.0058596,0.0120927,0.0035468,0.0118997,0.0177109,0.0080073,0.0036579,0.0033621,0.0064743,0.0067425,0.0109906,0.0244695,0.0164904,0.008003,0.0174717,0.0088433,0.0098336,0.0052166,0.0192926,0.0103791,0.0108591,0.0080441,0.0048222,0.0239995,0.0469128,0.0476175
0.1075613,0.0520368,0.0413915,0.0554957,0.0238505,0.0192743,0.0317409,0.0348094,0.0624791,0.0282086,0.0420186,0.0335027,0.0111407,0.0410452,0.0602652,0.0196674,0.0721185,0.0818605,0.0742265,0.2833663,0.1056701,0.1201639,0.1092456,0.0817162,1.2495399,0.3530789,0.0117411,0.0093245,0.0131083,0.012184,0.0150053,0.0142883,0.0171483,0.0138254,0.0129442,0.0108651,0.0052747,0.0166951,0.0169722,0.0059423,0.0100337,0.010419,0.0128079,0.0029726,0.006535,0.0051408,0.0060666,0.0244578,0.0072449,0.0053017,0.004146,0.02067,0.0097276,0.0196672,0.0258206,0.0163268,0.0532126,0.0366681,0.0309146,0.0186109,0.0099751,0.0181735,0.013659,0.0161701,0.0137434,0.0104122,0.0084113,0.0328037,0.0274467
0.013121,0.0051931,0.0042323,0.0155229,0.0097907,0.0050975,0.0245415,0.0111773,0.0179382,0.0109756,0.0146827,0.0259489,0.003336,0.0221859,0.0683835,0.0167051,0.0809783,0.0494366,0.0327676,0.0492166,0.0296147,0.0361463,0.0177355,0.0055838,0.0223191,1.0582761,0.0104846,0.0077298,0.0125171,0.0048915,0.0099452,0.0041739,0.0043496,0.0048657,0.0063516,0.004425,0.0024923,0.0137989,0.0078955,0.0024449,0.0037091,0.0087094,0.0048797,0.0009499,0.0021018,0.00196,0.0019808,0.0052527,0.0052802,0.0016713,0.0022576,0.0060913,0.0025486,0.0051282,0.0085783,0.0064073,0.0103887,0.008494,0.0096102,0.0081047,0.0020192,0.0061122,0.0044599,0.01131,0.0076847,0.0031583,0.0035866,0.0094245,0.0133824
0.1671049,0.080601,0.0574283,0.0892513,0.0582157,0.0409769,0.0947334,0.1427926,0.0863925,0.205624,0.1306481,0.1493555,0.0277005,0.1458794,0.219071,0.0824634,0.1443723,0.1135758,0.1569129,0.119335,0.1510034,0.1439249,0.0851412,0.07744,0.1157862,0.130522,1.045899,0.0274218,0.0268389,0.0283414,0.044587,0.0392719,0.0786676,0.0475666,0.0467523,0.0297004,0.0123164,0.0479306,0.0387418,0.0203804,0.0141477,0.0327169,0.023854,0.0065623,0.0147522,0.0083259,0.0151571,0.0306836,0.0445693,0.0108319,0.0112738,0.0252767,0.0221234,0.0264397,0.0526656,0.0330381,0.0391938,0.0371897,0.0376118,0.040452,0.0130173,0.038196,0.0364221,0.0462944,0.0296457,0.0172627,0.0314771,0.0439136,0.0614357
0.0008282,0.0003733,0.0015909,0.0031977,0.0018567,0.0006422,0.0024132,0.0018328,0.0031407,0.0017964,0.0020947,0.0092548,0.0003619,0.0011321,0.006597,0.0060125,0.002476,0.0021291,0.0020488,0.0016067,0.0010328,0.0035959,0.00231,0.0012257,0.0015254,0.0018163,0.0005717,1.0047528,0.0033328,0.0007689,0.0029113,0.0005775,0.0009136,0.0009525,0.0033179,0.0007187,0.0003616,0.0008957,0.0012508,0.0004504,0.0007313,0.0005584,0.0006753,0.000203,0.000365,0.0003703,0.000354,0.0011422,0.0014983,0.0003095,0.0002813,0.0009498,0.0004527,0.0022475,0.0015434,0.0004776,0.0003776,0.0006257,0.0004857,0.0005553,0.0003357,0.0006659,0.0007009,0.000768,0.0075206,0.0002827,0.0004275,0.0005818,0.0009583
0.0003149,0.0000738,0.0000599,0.0000942,0.0000583,0.0002955,0.0003467,0.0000846,0.0003045,0.0001241,0.0000978,0.0000867,0.0000167,0.0000802,0.0001182,0.0000501,0.000151,0.0000816,0.0001905,0.0001485,0.0001234,0.0001279,0.0006779,0.0000911,0.0002484,0.0001437,0.0000987,0.0001079,0.9747352,0.0000863,0.0001367,0.0002975,0.0002154,0.0001322,0.001045,0.000338,0.0000593,0.0002396,0.0001015,0.0000477,0.0000812,0.0000669,0.0001324,0.0000435,0.0000827,0.0000701,0.0000822,0.000275,0.0000808,0.0000859,0.0000579,0.0001126,0.0000762,0.0004321,0.0001174,0.0000965,0.0001109,0.0001238,0.0001713,0.0001125,0.0000622,0.0001093,0.0004352,0.0026926,0.0001379,0.0000446,0.0000683,0.0000852,0.0001226
0.0006303,0.0001714,0.0002623,0.0004135,0.0002414,0.0005686,0.0017412,0.0003045,0.0007653,0.0003636,0.0003669,0.0008205,0.0000645,0.000303,0.0007685,0.0004697,0.0009694,0.0003476,0.0005764,0.0005592,0.0003788,0.0005975,0.0038536,0.0003152,0.0008394,0.0005202,0.0003242,0.0005905,0.0005872,1.0002414,0.0005887,0.0003152,0.0004663,0.0003246,0.0018053,0.0006116,0.0001552,0.0004581,0.0002989,0.0001701,0.000243,0.0001809,0.0003967,0.000117,0.0002295,0.0001691,0.0002043,0.000739,0.0002733,0.0002186,0.0001266,0.0003533,0.0001785,0.0009504,0.0003544,0.0003839,0.0002355,0.0003071,0.0002707,0.0003182,0.000166,0.0002872,0.001938,0.0015025,0.0010213,0.0001694,0.0001515,0.0003352,0.0004571
0.0074944,0.0017216,0.0022131,0.0048682,0.0018754,0.0086701,0.0519839,0.0029774,0.0035216,0.0034644,0.0030105,0.0047763,0.0005164,0.0027467,0.0051635,0.0023912,0.0090544,0.0026541,0.0058141,0.0049124,0.0033051,0.0049037,0.0221931,0.003559,0.0070667,0.0043631,0.0023272,0.0109982,0.0043331,0.0051089,1.0050579,0.0032915,0.0062797,0.0135559,0.0258099,0.0078157,0.0014002,0.0068943,0.0029032,0.0011507,0.001759,0.0014151,0.0025532,0.0009371,0.0018032,0.001454,0.0017073,0.0077751,0.0016408,0.001886,0.0008039,0.0025843,0.0015128,0.0031501,0.0028803,0.0028189,0.0019865,0.0025292,0.0024893,0.0028331,0.0016684,0.0039399,0.0116866,0.0167801,0.0063403,0.0017728,0.0016661,0.003691,0.0098624
0.0042415,0.0282714,0.0011663,0.0017623,0.0024913,0.0021619,0.0017577,0.0052821,0.0031196,0.002522,0.0026032,0.0022374,0.0004445,0.0017022,0.0024784,0.0015884,0.0032057,0.0023684,0.0034534,0.0025409,0.0030449,0.0038397,0.003423,0.001502,0.0016457,0.0031361,0.0033375,0.0015073,0.001758,0.0015598,0.0023067,1.0031286,0.0017796,0.0076817,0.0048939,0.0014939,0.0012331,0.0054112,0.0020089,0.00196,0.0035911,0.0028307,0.0050535,0.0018079,0.0048757,0.001711,0.0046513,0.0059788,0.0027182,0.0034178,0.0030787,0.0041392,0.0018608,0.0067063,0.0047452,0.0024667,0.0027156,0.0020193,0.0024266,0.0030765,0.0015653,0.00268,0.0018583,0.0025775,0.0019806,0.0035766,0.0044505,0.0020992,0.0016664
0.0096176,0.0026667,0.0039191,0.0071416,0.0025459,0.0069403,0.0044041,0.0095745,0.0172737,0.0164352,0.0078622,0.0052335,0.0007041,0.0066253,0.0078301,0.0031393,0.008838,0.0051088,0.0126866,0.0060515,0.0039279,0.0183168,0.0053357,0.0061182,0.0096257,0.0126318,0.0010556,0.000891,0.0016317,0.0009905,0.0012366,0.0020907,1.0044941,0.0019523,0.0098834,0.0019387,0.0007818,0.003574,0.0017103,0.0005003,0.0006868,0.0010644,0.0010368,0.0003179,0.0007551,0.0005431,0.0007201,0.0021105,0.0007235,0.0005666,0.0003607,0.0011987,0.0007443,0.0013069,0.0022242,0.0014192,0.0013582,0.0015867,0.0015436,0.0019522,0.0006235,0.0025427,0.0016816,0.0024213,0.0010571,0.0013237,0.0050612,0.0024833,0.0069741
0.0019428,0.0005986,0.0025568,0.0022022,0.0006511,0.0012803,0.0010092,0.0003628,0.0025969,0.0028571,0.0012014,0.0007789,0.0001207,0.0012549,0.0009173,0.0004092,0.0007252,0.0007355,0.0017717,0.0011644,0.0006001,0.0011453,0.0004006,0.0017953,0.0013892,0.0013023,0.0003867,0.0001688,0.0002456,0.0001677,0.0002163,0.0003979,0.0004782,0.9749608,0.0003874,0.0002836,0.0002981,0.0004055,0.000269,0.0000711,0.0001256,0.0001837,0.0001895,0.0000641,0.0002122,0.0000942,0.0001851,0.000399,0.0001222,0.0000839,0.0000666,0.0003099,0.000172,0.0002462,0.0004458,0.0002786,0.0003009,0.0003541,0.0002351,0.0002824,0.0001149,0.0004513,0.0002472,0.000344,0.0001894,0.0004344,0.0048937,0.0005842,0.0012575
0.0400234,0.0174315,0.0124514,0.0285804,0.0100769,0.0136797,0.0268196,0.034424,0.04288,0.0536967,0.0318071,0.0269266,0.0047464,0.0284929,0.0380369,0.0162157,0.0362535,0.0213317,0.06398,0.0327946,0.0324801,0.0375797,0.0192294,0.025473,0.0204302,0.0270408,0.0068485,0.0085483,0.0103947,0.0095973,0.0098212,0.014841,0.0153179,0.0110865,1.0154577,0.0066657,0.0033981,0.0284425,0.0073518,0.0037892,0.0041865,0.0055245,0.006804,0.0013042,0.002904,0.0020013,0.0028652,0.0077084,0.0033439,0.0024442,0.0020733,0.005982,0.0040249,0.0056556,0.0322543,0.0068525,0.005003,0.0067609,0.0072387,0.0101501,0.0034045,0.0109021,0.0080108,0.0108267,0.0060679,0.0034269,0.0091915,0.0096651,0.0137956
0.0006714,0.0004883,0.0005346,0.0006763,0.0009754,0.0020583,0.000824,0.0007311,0.0010625,0.0011517,0.0010194,0.0007916,0.0001488,0.0005878,0.0007752,0.0005057,0.0009882,0.0009045,0.000771,0.0007882,0.0009384,0.0009884,0.0012367,0.0006329,0.0005341,0.0009758,0.0009582,0.0007707,0.0008262,0.0007152,0.0010401,0.0006846,0.0056392,0.0012897,0.0008904,0.8785575,0.0006312,0.0012423,0.0009029,0.0008589,0.0021087,0.0019733,0.002622,0.0009187,0.0020525,0.001516,0.0019792,0.0029585,0.0015419,0.0019622,0.0014727,0.0024653,0.0009905,0.0035224,0.0023865,0.0025404,0.0017491,0.0031214,0.002752,0.0012615,0.0106961,0.0012793,0.0009168,0.0011477,0.0009651,0.0006403,0.0005081,0.0061974,0.0017629
0.0026423,0.0012323,0.0280247,0.003866,0.001478,0.0233593,0.0021729,0.0012784,0.0018972,0.0020425,0.0013182,0.0010937,0.000215,0.0014273,0.001238,0.0005401,0.0013592,0.0011304,0.0018166,0.0022878,0.0014246,0.0023249,0.0019808,0.0417703,0.0045078,0.0024094,0.0010085,0.0010468,0.0024617,0.0013201,0.0014227,0.0067143,0.0050365,0.0036889,0.0039489,0.0038724,1.0007761,0.0048777,0.0028694,0.0003213,0.0006312,0.0005777,0.0007803,0.0004824,0.0010302,0.000549,0.0011516,0.0035613,0.000788,0.0005639,0.0003071,0.0007176,0.0010169,0.0009763,0.0017967,0.0015722,0.0007258,0.0015129,0.001027,0.0012692,0.0006523,0.0051909,0.0014269,0.0016331,0.0008656,0.0005024,0.0042322,0.0032042,0.0223685
0.0142558,0.0116725,0.0070025,0.0342798,0.0059224,0.0273105,0.0114602,0.0203095,0.0269905,0.0202976,0.0127999,0.0113416,0.0021653,0.0113606,0.015545,0.0065389,0.0191625,0.0113292,0.0188,0.0147723,0.0135334,0.0196866,0.0154077,0.0133206,0.0099364,0.0150572,0.0319314,0.0128921,0.0111408,0.0085968,0.023248,0.1273816,0.0337253,0.106978,0.1635908,0.0146793,0.0205784,1.0900404,0.0168941,0.0084076,0.0153628,0.0060819,0.018926,0.0021993,0.0086796,0.0033126,0.0072789,0.008708,0.0095917,0.0058838,0.003501,0.0138453,0.0055349,0.0095567,0.0298083,0.0061932,0.0056936,0.0081762,0.0065554,0.0109485,0.006817,0.0118072,0.0059301,0.0074852,0.0071166,0.0035127,0.0154076,0.0058601,0.0238457
0.0075461,0.0029993,0.0029041,0.00905,0.002853,0.0039273,0.0083142,0.0375285,0.024864,0.0086696,0.0108611,0.0084724,0.0062224,0.007053,0.0107067,0.0046729,0.0155584,0.0113596,0.0136541,0.0478809,0.0423988,0.0347215,0.0310174,0.010999,0.01072,0.0355901,0.0154153,0.0317115,0.0446612,0.0529122,0.0343858,0.0040747,0.0051096,0.0164063,0.0462357,0.0040492,0.0021938,0.0107234,1.0805438,0.0033068,0.0040499,0.0035363,0.0051429,0.0006267,0.0013429,0.001024,0.0012991,0.0031424,0.0027581,0.0017085,0.0011849,0.0030602,0.0016183,0.0052392,0.0053308,0.0027838,0.0026262,0.0037438,0.0033867,0.0041287,0.0021727,0.0032588,0.0039666,0.0060981,0.0035121,0.0018456,0.002024,0.0047049,0.0044889
0.0016502,0.0009527,0.002203,0.0020546,0.0019081,0.0025468,0.002617,0.0018375,0.0020192,0.0024527,0.0025194,0.002238,0.0006501,0.0016164,0.0021663,0.001462,0.0023947,0.0022532,0.0019457,0.002285,0.0029125,0.0022695,0.0027172,0.0021721,0.0014396,0.0022015,0.0036701,0.0033688,0.0027124,0.0030922,0.0041511,0.0022624,0.0030751,0.003674,0.0029546,0.0018589,0.0024482,0.0037974,0.002566,0.972839,0.0038815,0.0046793,0.0432987,0.0017347,0.0045524,0.0021744,0.0041475,0.0037653,0.0028836,0.0053212,0.0224418,0.0175377,0.0076292,0.0074285,0.0030122,0.0330212,0.0028336,0.0044301,0.0023331,0.0049412,0.0026244,0.0028125,0.0024499,0.0027633,0.0030922,0.0052051,0.0027728,0.005369,0.0030744
0.0009356,0.00052,0.0011897,0.0011015,0.0011228,0.0012471,0.0013435,0.0008766,0.0010518,0.0011948,0.0011362,0.0010124,0.0002642,0.0007963,0.0010369,0.0005905,0.001118,0.0010316,0.0010235,0.0010928,0.0013266,0.0011009,0.0012265,0.0012807,0.00072,0.0010775,0.001789,0.0037893,0.0027055,0.0012279,0.0022531,0.0015714,0.0010779,0.0018156,0.0026374,0.0014915,0.0073952,0.0024722,0.0011948,0.0015176,1.1489875,0.0823688,0.0032955,0.0009745,0.0020722,0.001391,0.0020413,0.0027242,0.0019678,0.0018836,0.0012875,0.0074208,0.0023811,0.0027144,0.0017704,0.0101947,0.0012628,0.0017671,0.0094257,0.0098684,0.0018775,0.0084888,0.0130572,0.0046247,0.0024536,0.0026963,0.0009848,0.0027111,0.0014342
0.0102774,0.005426,0.0117558,0.0119261,0.0122152,0.0125263,0.015092,0.0096184,0.0114895,0.0128394,0.0123492,0.0108577,0.0026906,0.0087063,0.0111737,0.0062964,0.0121975,0.0112976,0.0111715,0.0118378,0.0143902,0.0118628,0.0135476,0.0118546,0.0076007,0.0117028,0.0203418,0.0176341,0.0136752,0.0130789,0.0255308,0.0129061,0.0113996,0.0193903,0.031498,0.0177763,0.026598,0.0284472,0.0134566,0.0161435,0.0267493,1.1588957,0.038364,0.0109665,0.0223094,0.0158674,0.0226442,0.0290795,0.0129666,0.0221635,0.0139983,0.0743136,0.0223888,0.0298991,0.0192669,0.0185206,0.013109,0.0183367,0.013119,0.0156203,0.0095546,0.0168529,0.0166824,0.0178824,0.0151561,0.0182406,0.0096506,0.0262976,0.0146458
0.0075235,0.0041078,0.0089917,0.0100828,0.0096202,0.0140498,0.0126041,0.0136253,0.0148412,0.0154239,0.0178084,0.0137357,0.0038389,0.0102888,0.0126136,0.0087357,0.0177478,0.0150202,0.01051,0.0153951,0.0191324,0.015657,0.0151518,0.0103687,0.0075566,0.0151616,0.0149354,0.0197439,0.0163982,0.0157312,0.0222164,0.0119654,0.0104125,0.0185939,0.0140699,0.0106154,0.0140644,0.0160605,0.0100353,0.0727939,0.0185506,0.0233493,1.0277147,0.0112138,0.0193825,0.0115696,0.0219298,0.0196418,0.0250389,0.0197237,0.0138093,0.0918315,0.0274218,0.0460386,0.0206051,0.0270598,0.0097256,0.0172186,0.0110488,0.0168378,0.0111524,0.0146948,0.0127054,0.0163738,0.017847,0.0215805,0.0088887,0.0146024,0.0179993
0.0203126,0.0081534,0.0219517,0.0231059,0.027532,0.0321539,0.0192974,0.0124614,0.020744,0.0193881,0.017589,0.0161738,0.0034271,0.013251,0.0166026,0.0098343,0.0185256,0.0157102,0.0196994,0.0180805,0.0231793,0.0168877,0.0163908,0.0194128,0.0123409,0.0181336,0.0247945,0.0183718,0.0281585,0.0294017,0.0329687,0.0349553,0.085741,0.0475986,0.0463366,0.1072473,0.0140671,0.0255704,0.0240827,0.0110335,0.0284164,0.0198471,0.0217058,1.0004207,0.1310389,0.028756,0.1093727,0.0693489,0.2057222,0.0231355,0.0112309,0.0256421,0.0400996,0.0264905,0.0172079,0.0167111,0.0174048,0.0166263,0.0221937,0.0218433,0.0139678,0.0259956,0.0132382,0.0223886,0.0277982,0.0101126,0.0294099,0.0105384,0.0410643
0.0058442,0.0037436,0.0085266,0.0260774,0.079067,0.0086007,0.0064972,0.0041585,0.0073107,0.0121435,0.0108899,0.0099017,0.0016315,0.007043,0.0085912,0.0057431,0.0103259,0.0096728,0.0058864,0.0054279,0.0065904,0.005513,0.004951,0.0072633,0.0041146,0.0053936,0.0068395,0.0045324,0.0064402,0.0064354,0.0070301,0.0337585,0.0210199,0.1753585,0.015012,0.0249962,0.0074103,0.0215593,0.0056787,0.0032766,0.0091705,0.0048612,0.0050908,0.0582366,1.0485396,0.036882,0.7318537,0.0150806,0.0123797,0.0072035,0.0030184,0.006607,0.0223505,0.0088063,0.0062616,0.0045577,0.0051404,0.0172934,0.0068065,0.0168795,0.005668,0.0073532,0.0046152,0.0139564,0.0250582,0.0088828,0.0056307,0.0037327,0.015826
0.0311687,0.0235567,0.0532,0.0344988,0.0351097,0.0254111,0.0142916,0.0159945,0.0256379,0.0212528,0.0173541,0.0186253,0.0074149,0.0201583,0.0206551,0.0180967,0.0218476,0.0170349,0.0242144,0.0270993,0.0370747,0.0191472,0.0156835,0.0392772,0.0166601,0.0185256,0.0345551,0.0239076,0.0254555,0.0221449,0.0287602,0.0476234,0.0150052,0.0568091,0.0563576,0.0591873,0.0200874,0.0319876,0.0360286,0.0074139,0.0350685,0.0189231,0.0170235,0.015566,0.0690989,1.5897413,0.1073431,0.0803597,0.0257679,0.0273594,0.0084375,0.0195295,0.0129802,0.0273241,0.0291701,0.0205873,0.016904,0.1065303,0.0233216,0.0450349,0.0256368,0.0353038,0.0184963,0.0223574,0.0215384,0.3298938,0.0180087,0.0106195,0.0594117
0.0003604,0.0002718,0.0006175,0.0004016,0.0004057,0.0002938,0.0001666,0.0001859,0.0002979,0.0002472,0.0002034,0.0002198,0.0000878,0.0002345,0.0002424,0.0002102,0.0002538,0.0001992,0.0002827,0.0003158,0.0004337,0.0002236,0.0001832,0.000457,0.000195,0.0002162,0.0004022,0.0002763,0.000295,0.000263,0.000334,0.0005502,0.0001742,0.0006573,0.0006531,0.0006825,0.0002319,0.0003716,0.0004159,0.0000873,0.0004049,0.0002192,0.0001977,0.0001798,0.0007975,0.0182842,1.082967,0.0009263,0.0002986,0.000317,0.0000986,0.0002274,0.0002341,0.000321,0.0003399,0.000238,0.0001972,0.0012273,0.0002707,0.0005201,0.0002965,0.0004081,0.0002165,0.0002654,0.0002498,0.0037947,0.000208,0.0001233,0.0006851
0.1033621,0.0201034,0.0258014,0.0252748,0.0229958,0.03001,0.0405027,0.0286219,0.0285495,0.030043,0.0348584,0.0275612,0.0071378,0.0225661,0.0299139,0.0159314,0.0377009,0.0259202,0.0514387,0.0432523,0.0429467,0.0369674,0.0471875,0.0256115,0.0209908,0.0352269,0.0702295,0.0700389,0.1194522,0.0915357,0.1351355,0.0325768,0.0241153,0.0508289,0.0548596,0.0338454,0.0218577,0.0393254,0.1531187,0.0191736,0.0748057,0.0494446,0.0676287,0.0295068,0.0718309,0.1202768,0.0628505,1.1081945,0.0484451,0.1043147,0.0206083,0.0797363,0.0772191,0.0491651,0.0392603,0.0962872,0.0576363,0.0735113,0.1226165,0.1223003,0.0745347,0.0893075,0.0302121,0.115452,0.0688638,0.0446965,0.0263003,0.0286365,0.0374937
0.0156768,0.0073592,0.0225267,0.0199028,0.0212732,0.008093,0.0174656,0.0079853,0.0126644,0.0124279,0.0119097,0.0111216,0.0026722,0.009309,0.0118169,0.0076328,0.0094566,0.0116194,0.0137866,0.0107286,0.0148925,0.0125796,0.0112204,0.0186086,0.0113482,0.0112087,0.01756,0.0073937,0.0107434,0.0142565,0.0140654,0.0559851,0.0423799,0.0166699,0.0349435,0.02038,0.0057833,0.0124014,0.0107088,0.0083179,0.0230788,0.0183778,0.024403,0.0051567,0.0128645,0.0082647,0.0104309,0.0095659,0.8699291,0.0109085,0.0055176,0.0134634,0.0294595,0.0132975,0.0173497,0.0089174,0.0072332,0.0096416,0.0062499,0.0069793,0.0100925,0.0109345,0.0105968,0.0143387,0.0053927,0.0042077,0.0080967,0.0078517,0.0097193
0.0068635,0.0036772,0.0112527,0.0116849,0.0245024,0.0126743,0.0094922,0.0107681,0.0093304,0.0111223,0.0158494,0.0096493,0.0038486,0.0065392,0.0097961,0.0053726,0.0109106,0.0126105,0.0073144,0.0109208,0.0129027,0.0122301,0.0122245,0.0113903,0.0062188,0.0117331,0.011897,0.0065012,0.0072588,0.0093007,0.0106449,0.0070318,0.0118251,0.0118612,0.0090716,0.0068201,0.0107792,0.0097913,0.0083063,0.009085,0.0122571,0.0119104,0.013359,0.0049352,0.0173173,0.0314979,0.0201217,0.0236537,0.0059656,1.0106752,0.0097764,0.0178221,0.0197247,0.015636,0.0100305,0.0066073,0.0083579,0.0205287,0.0096736,0.0101577,0.0091256,0.0297917,0.0067226,0.0097144,0.0086707,0.0093706,0.0099799,0.0076607,0.0094639
0.0062412,0.0034615,0.02341,0.0092124,0.005714,0.0104048,0.0083396,0.005987,0.0074864,0.0082607,0.0095002,0.0114151,0.002858,0.0059333,0.0083356,0.0064381,0.0077647,0.0077896,0.0074178,0.0083381,0.0102424,0.0080444,0.0099472,0.0177136,0.0063732,0.0078922,0.0128889,0.0121843,0.0081623,0.0110564,0.0113803,0.0105803,0.0209718,0.01302,0.0125261,0.0072869,0.0044331,0.0090221,0.0071133,0.0191744,0.0104753,0.0154346,0.0325952,0.0076818,0.0202212,0.0087059,0.0182762,0.0099172,0.0069067,0.0162329,0.9839631,0.0170996,0.0368365,0.0222378,0.0098694,0.01067,0.0089743,0.0162781,0.009018,0.0106973,0.0047771,0.0118027,0.0078327,0.0097376,0.0085928,0.0437886,0.0070802,0.0121478,0.013635
0.0407445,0.0230817,0.0525025,0.0596861,0.0632982,0.0616986,0.078601,0.0478665,0.0531664,0.0598374,0.0618571,0.0500516,0.0136473,0.0414304,0.0518883,0.0301459,0.0662912,0.0587486,0.0510136,0.0625663,0.077499,0.0562919,0.0557136,0.053458,0.0352639,0.0588033,0.0835024,0.0851776,0.0688321,0.0711471,0.1119854,0.0411507,0.0593805,0.0830349,0.0651942,0.0464062,0.1040344,0.0536473,0.0466552,0.0568556,0.1438641,0.1202313,0.1582877,0.0494055,0.0957763,0.0671511,0.0887896,0.1224032,0.0531857,0.0551074,0.0671673,0.9855875,0.1180843,0.0946962,0.0615499,0.0447946,0.0488893,0.0752652,0.0594777,0.0615856,0.0447278,0.0660277,0.0630885,0.0759737,0.0527003,0.0572997,0.0324966,0.0458277,0.0845693
0.0232094,0.0103597,0.0672873,0.0582547,0.0228888,0.0182503,0.0270487,0.0237862,0.035981,0.033428,0.0460482,0.0671082,0.0301317,0.0316603,0.0582524,0.0243213,0.0303941,0.0398466,0.0502062,0.0498549,0.0874517,0.0399669,0.0333431,0.0627219,0.0410728,0.0372226,0.0573455,0.0156825,0.0271121,0.0997525,0.0382229,0.0300133,0.0189123,0.046809,0.0585417,0.0209997,0.0106965,0.0440801,0.0179904,0.0244644,0.0188589,0.0181737,0.0227365,0.0092122,0.0336062,0.0125898,0.0288366,0.0255131,0.0267306,0.0282195,0.018398,0.0338573,1.0126634,0.080115,0.0529094,0.0149881,0.0334552,0.0255083,0.0298432,0.0261309,0.0203279,0.0244839,0.0452395,0.0992573,0.0252618,0.0083595,0.0107859,0.0140693,0.0217304
0.0357121,0.0161521,0.0279101,0.0350408,0.030627,0.0567582,0.0367401,0.0302917,0.0395591,0.0471344,0.0522155,0.0343875,0.0080665,0.0292318,0.039591,0.0320834,0.0357828,0.0332718,0.0362697,0.0411205,0.0698671,0.0421373,0.0679722,0.0344035,0.0264155,0.0390835,0.072295,0.0481024,0.0528639,0.0485689,0.0831835,0.0808531,0.0501545,0.1908244,0.0853041,0.0781269,0.0694361,0.0782992,0.0682782,0.0394064,0.0527362,0.06671,0.1288326,0.0305417,0.0502618,0.0413356,0.0437317,0.1464575,0.060318,0.0544064,0.0594861,0.0791666,0.0491189,1.1118084,0.0675102,0.0421922,0.0460943,0.0851953,0.0675824,0.0519593,0.0414886,0.0465488,0.0497887,0.0559463,0.0414878,0.0277793,0.0396405,0.040436,0.0533953
0.0034505,0.0014923,0.0067545,0.0049191,0.0044408,0.0062958,0.0042335,0.0025762,0.0042671,0.0135985,0.0055101,0.0037402,0.0006629,0.0038563,0.0041304,0.0022127,0.004008,0.0032457,0.0040263,0.0048355,0.0036415,0.0060365,0.0035278,0.005979,0.0041511,0.0041766,0.0033645,0.0052261,0.0053289,0.0036397,0.004964,0.0005384,0.0029256,0.0034959,0.0068156,0.0036351,0.0019797,0.0057782,0.0091766,0.0010722,0.0019659,0.0018778,0.0022289,0.0010301,0.001872,0.0040805,0.0039841,0.0141301,0.0023362,0.0021644,0.000956,0.0027516,0.0029129,0.0043612,0.9628728,0.0059271,0.0035329,0.0061859,0.0054958,0.0060942,0.0021428,0.0088526,0.0063932,0.0057258,0.0047421,0.0022327,0.0028337,0.0096966,0.0128881
0.0003594,0.0004462,0.0001961,0.0002534,0.0002446,0.0005403,0.0004463,0.0002994,0.0002964,0.0006874,0.0003948,0.0003288,0.0000674,0.0002986,0.0003957,0.000197,0.0003384,0.0002728,0.000336,0.0003161,0.0003646,0.0004323,0.0007168,0.0002657,0.0002529,0.0003288,0.0009379,0.000523,0.0032767,0.0002828,0.0039154,0.0009238,0.0005519,0.0006712,0.0006525,0.0003605,0.0004383,0.0005676,0.000334,0.0001801,0.0017878,0.0008249,0.0007133,0.0001716,0.0003766,0.0002484,0.0003558,0.0006091,0.0003301,0.000258,0.0002275,0.0004261,0.0003774,0.0018614,0.0012213,0.7517249,0.0004407,0.0017493,0.0002979,0.0003666,0.0233876,0.0026212,0.0003551,0.0004474,0.0058401,0.0004205,0.0038471,0.0073126,0.0003642
0.0000277,0.0001196,0.0000244,0.0000222,0.0000456,0.0000387,0.000026,0.0000316,0.0000243,0.0001692,0.0000585,0.0000401,0.0000214,0.0000423,0.0000444,0.0000244,0.0000342,0.0000307,0.0000262,0.0000264,0.000028,0.0000575,0.0000285,0.00003,0.0000192,0.0000268,0.0000274,0.000022,0.0000289,0.0000222,0.0000348,0.000114,0.0000259,0.0001091,0.0000302,0.0000224,0.0000225,0.0000367,0.0000237,0.0000139,0.000073,0.000051,0.0000479,0.0000165,0.0001,0.0000206,0.0000765,0.0000458,0.0000216,0.0000174,0.0000163,0.0000881,0.0000292,0.0001209,0.0004029,0.0007841,0.9854255,0.0143608,0.0003064,0.0000524,0.0007353,0.0000893,0.000041,0.0000276,0.000172,0.0013813,0.0000305,0.0033154,0.0000275
0.0000001,0.0000003,0.0000001,0.0000001,0.0000001,0.0000001,0.0000001,0.0000001,0.0000001,0.0000004,0.0000001,0.0000001,0,0.0000001,0.0000001,0.0000001,0.0000001,0.0000001,0.0000001,0.0000001,0.0000001,0.0000001,0.0000001,0.0000001,0,0.0000001,0.0000001,0.0000001,0.0000001,0.0000001,0.0000001,0.0000003,0.0000001,0.0000003,0.0000001,0.0000001,0.0000001,0.0000001,0.0000001,0,0.0000002,0.0000001,0.0000001,0,0.0000002,0,0.0000002,0.0000001,0,0,0,0.0000002,0.0000001,0.0000003,0.0000009,0.0000018,0.0022633,0.8119093,0.0000007,0.0000001,0.0000017,0.0000002,0.0000001,0.0000001,0.0000004,0.0000032,0.0000001,0.0000076,0.0000001
0.0000259,0.0000313,0.0000282,0.0000211,0.0000491,0.000022,0.0000183,0.0000205,0.0000218,0.0000383,0.0000284,0.0000333,0.0000639,0.0000295,0.0000382,0.000029,0.0000271,0.0000259,0.0000263,0.0000298,0.0000258,0.0000307,0.000029,0.0000513,0.0000272,0.0000278,0.0000225,0.0000087,0.0000183,0.0000221,0.0000248,0.0004873,0.0000287,0.0003164,0.0000321,0.0000158,0.000009,0.000026,0.0000128,0.0000125,0.0000207,0.0000581,0.0000222,0.000028,0.0003197,0.0000221,0.0002276,0.0000262,0.000021,0.0000108,0.0000121,0.0000186,0.0000224,0.0000199,0.0000364,0.0000588,0.0002978,0.000053,0.9904244,0.0001516,0.0000186,0.0000211,0.0000351,0.0000224,0.0000175,0.0052787,0.0000591,0.0001963,0.0000169
0.0000149,0.0001242,0.0000113,0.000009,0.0000281,0.0000258,0.0000118,0.0000212,0.0000101,0.0001717,0.0000461,0.0000264,0.0000037,0.0000319,0.000029,0.0000127,0.0000199,0.0000173,0.0000118,0.0000095,0.0000085,0.0000448,0.0000098,0.0000096,0.0000063,0.0000108,0.0000056,0.0000056,0.0000104,0.0000048,0.0000109,-0.000024,0.0000079,0.0000061,0.0000042,0.0000054,0.0000058,0.000017,0.0000093,0.0000022,0.0000085,0.0000063,0.0000187,0.0000018,0.0000061,0.0000038,0.0000063,0.0000132,0.0000036,0.0000031,0.0000021,0.0000059,0.0000056,0.0000147,0.0004383,0.0008799,0.0001185,0.0007248,0.0095952,0.9887468,0.0000814,0.0000673,0.0000233,0.0000075,0.00002,0.0000544,0.0000084,0.0037766,0.0000117
0.0023109,0.0008782,0.0016059,0.0017806,0.0017929,0.0018517,0.0019715,0.0017058,0.0020919,0.0022829,0.0022561,0.0020677,0.0005128,0.0014754,0.0021235,0.0011999,0.0021251,0.0019778,0.0022128,0.0021358,0.0026468,0.00226,0.0026647,0.0018563,0.0013924,0.002434,0.0039295,0.0063961,0.0057234,0.0026618,0.0039899,0.0025067,0.0044891,0.00319,0.0037257,0.0019998,0.0021883,0.0044848,0.0027488,0.0021454,0.0816149,0.0285849,0.0048513,0.0020664,0.0041681,0.0030386,0.0046494,0.0100126,0.0029319,0.0047976,0.0026421,0.0076415,0.0077679,0.0068436,0.0036697,0.0050131,0.0027808,0.003422,0.0039253,0.0045225,1.1685238,0.007418,0.0034829,0.0048451,0.0061677,0.0018188,0.0017376,0.002543,0.0020132
0.0002698,0.0001047,0.0001966,0.0002242,0.0002963,0.0003942,0.000278,0.0002174,0.0003017,0.0002892,0.0003143,0.0002801,0.0000702,0.0001821,0.0002708,0.000166,0.0002939,0.0002765,0.0002721,0.0002506,0.000309,0.0002828,0.0003934,0.0002234,0.000182,0.0002985,0.0004349,0.0001938,0.000482,0.0002814,0.0006983,0.0002346,0.0001948,0.0004117,0.0002853,0.0002725,0.0001585,0.0002992,0.0002566,0.0002633,0.000443,0.0003849,0.0007138,0.0002698,0.0006001,0.0002991,0.0005716,0.0008434,0.0003478,0.000631,0.0004724,0.0005544,0.0012569,0.001176,0.0006021,0.0004146,0.0005134,0.0003312,0.0003927,0.0004861,0.0007339,0.7842619,0.0012199,0.0006522,0.0004247,0.0001584,0.000124,0.0005054,0.000836
0.0011259,0.0004668,0.0008842,0.0011619,0.001827,0.0020182,0.0011552,0.0012398,0.0018248,0.0015527,0.0017409,0.0014012,0.0002779,0.0009739,0.0013313,0.0009109,0.0017501,0.0016103,0.0013115,0.0014538,0.0017476,0.0015664,0.0028561,0.0010803,0.0008874,0.0018327,0.0018408,0.0010976,0.0014959,0.0012952,0.0018557,0.0015882,0.0012515,0.0026334,0.0017874,0.0011854,0.0011114,0.0040632,0.0020845,0.0017478,0.0030982,0.0025734,0.0050361,0.001943,0.0043177,0.0020312,0.0041257,0.0057384,0.0026212,0.0037875,0.0033217,0.0034139,0.0020655,0.0066416,0.0045509,0.0020436,0.0026122,0.0016893,0.0020343,0.0024079,0.0013664,0.0017373,0.9972961,0.0023593,0.0017474,0.0017376,0.0009783,0.0016075,0.0014651
0.0075714,0.005336,0.0044588,0.0056276,0.0076616,0.009429,0.0054381,0.0057515,0.0071363,0.0092957,0.0075185,0.0062212,0.0013189,0.0049106,0.0063057,0.0038142,0.007097,0.0062304,0.0068559,0.0067901,0.0080691,0.0073849,0.0086882,0.0053716,0.0040039,0.006931,0.0094759,0.0087771,0.011603,0.0103474,0.0131427,0.0877444,0.0050439,0.0119061,0.0155037,0.0070365,0.0062616,0.0182675,0.0093722,0.0052146,0.0120049,0.0085424,0.0149373,0.0070727,0.0131496,0.0125871,0.014827,0.033893,0.010141,0.0160864,0.0102925,0.0167599,0.0129173,0.0271481,0.0129124,0.0099136,0.0239515,0.0210447,0.0429304,0.0172696,0.0085179,0.0169067,0.0398973,1.0108331,0.0103205,0.0057741,0.0113974,0.0099042,0.0072663
0.0100839,0.0098182,0.0068043,0.0092794,0.0093283,0.0082816,0.0134054,0.0114205,0.0155144,0.0171602,0.014653,0.0117799,0.0027154,0.0100267,0.0139717,0.0065851,0.0122521,0.0106962,0.0130245,0.0140332,0.013097,0.0198192,0.0148432,0.010072,0.0113455,0.0150308,0.022995,0.0133259,0.0227414,0.0164993,0.0196593,0.0108659,0.0091033,0.0112107,0.0371704,0.023115,0.0098975,0.0218516,0.0161419,0.0050972,0.0070008,0.010663,0.0176061,0.0067553,0.0113898,0.0157215,0.0133413,0.0151239,0.0223107,0.0084531,0.0043617,0.0116504,0.0173462,0.0191204,0.03082,0.01239,0.0099306,0.0255524,0.0116655,0.0119245,0.0090521,0.0126163,0.0135424,0.0225253,1.0110766,0.0062765,0.014146,0.0227137,0.014794
0.0048118,0.0048248,0.005299,0.0039574,0.0091328,0.003975,0.0033942,0.003733,0.0040745,0.0057172,0.0049993,0.006125,0.0121917,0.0053465,0.0070414,0.0054277,0.0050061,0.0047963,0.0049266,0.0056127,0.0048679,0.0054612,0.0054619,0.0097249,0.0051564,0.0052196,0.0042506,0.0016082,0.0034128,0.0041879,0.0046357,0.0935192,0.0054133,0.0605252,0.0061086,0.0029826,0.0016743,0.0048136,0.0023592,0.0023681,0.003883,0.01106,0.0040787,0.0053396,0.0611414,0.0042,0.0435085,0.0048956,0.0039809,0.0020456,0.0022996,0.0035067,0.0042368,0.00367,0.0028167,0.0029378,0.0016298,0.0025348,0.0026474,0.0026067,0.0027478,0.0034071,0.0064997,0.0042114,0.0031539,1.0101122,0.0112414,0.0018714,0.0031293
0.0030418,0.0013548,0.0018591,0.0031062,0.0024635,0.021189,0.0021802,0.0024382,0.0028902,0.0038678,0.0026731,0.002908,0.0004828,0.0029705,0.0030961,0.001375,0.002695,0.0021126,0.0033915,0.0028387,0.0027677,0.0030763,0.0026389,0.0024475,0.0021519,0.0026537,0.0068435,0.002845,0.0036759,0.0027811,0.0054175,0.0027293,0.0019399,0.0413171,0.0245993,0.0030855,0.0029077,0.006901,0.0050054,0.0017074,0.0034315,0.0015858,0.0040321,0.0024278,0.0188334,0.0038712,0.0136376,0.0043545,0.0024147,0.0017339,0.0008009,0.0023187,0.0018781,0.0023817,0.0029399,0.0019644,0.0015798,0.0030305,0.0022486,0.0028723,0.0014141,0.0019206,0.0045237,0.0058572,0.0025805,0.0015837,1.0013304,0.0017935,0.0023436
0.0039051,0.0329531,0.0029278,0.0023456,0.0073551,0.0068073,0.0031015,0.0055751,0.0026282,0.0455958,0.0121887,0.0069355,0.0008077,0.008411,0.007621,0.0032929,0.0052337,0.0045471,0.0030764,0.0024533,0.0021852,0.0118418,0.0025199,0.0024343,0.0016171,0.0027888,0.0014424,0.0014622,0.0027321,0.0012235,0.0028281,-0.0076375,0.0020321,0.0007953,0.0010294,0.0013938,0.001526,0.0044681,0.00244,0.0005514,0.0021954,0.0015299,0.0049096,0.0004173,0.000804,0.0009483,0.0010832,0.0034506,0.000901,0.0007966,0.0005382,0.0015114,0.0014402,0.0038706,0.1165288,0.2339542,0.0314827,0.1927182,0.0014213,0.0110352,0.0215992,0.0178517,0.0061139,0.0019419,0.005277,0.0008859,0.0020907,1.0043178,0.00307
0.0100515,0.0033263,0.0077675,0.0123281,0.0031031,0.2150102,0.0057885,0.0067068,0.0116261,0.011368,0.0082355,0.0061659,0.0014496,0.0058335,0.0073034,0.0034007,0.0076118,0.0058832,0.0090637,0.0120589,0.0087902,0.0122959,0.0096499,0.0096895,0.0090107,0.0108802,0.0085726,0.0090526,0.043349,0.0126487,0.013816,0.0100099,0.0076826,0.0171417,0.0149062,0.1231191,0.0066149,0.0548138,0.0291716,0.0025872,0.0059814,0.0049872,0.0068867,0.0024659,0.0052832,0.0059709,0.0065268,0.0445316,0.0065962,0.0071906,0.0023225,0.0068417,0.0091113,0.0073002,0.007848,0.0094904,0.0051893,0.0086931,0.0094003,0.0197198,0.0078018,0.1953067,0.0118987,0.0144459,0.0095419,0.0042538,0.0061163,0.0090468,0.9912886